ID,Type,SKU,"GTIN, UPC, EAN, or ISBN",Name,Published,Is featured?,Visibility in catalog,Short description,Description,Date sale price starts,Date sale price ends,Tax status,Tax class,In stock?,Sold individually?,Regular price,Categories,Tags,Shipping class,Images,Download limit,Download expiry days,Parent,Grouped products,Upsells,Cross-sells,External URL,Button text,Position,MnM Content Source,MnM Child Category Ids,MnM Child Items (JSON-encoded),MnM Minimum Container Size,MnM Maximum Container Size,MnM Per-Item Pricing,MnM Packing Mode,MnM Weight Cumulative,MnM Per-Item Discount,MnM Layout Override,MnM Layout,MnM Add to Cart Form Location,Brands,Bundled Items (JSON-encoded),Min Bundle Size,Max Bundle Size,Bundle Contents Virtual,Bundle Aggregate Weight,Bundle Layout,Bundle Group Mode,Bundle Cart Editing,Bundle Sold Individually,Bundle Form Location,Bundle Sells,Bundle Sells Title,Bundle Sells Discount
25995731,"simple, virtual",20a87d896b2b,,"Essential Training - Eau Claire, WI",1,0,hidden,"Overview\nThe Essential In-Person Training introduces students and clinicians to Graston Technique (GT) therapy, its clinical applications, physiological effects, benefits, and potential contraindications. The course begins with a 3-hour, self-paced pre-course followed by a full-day, hands-on, in-person session hosted by a GT Instructor at a clinic or facility near you. This training enables GT Providers to effectively treat scar tissue and fascial restrictions, improving and maintaining optimal range of motion.","<h3><span style=""font-weight: 400;"">Overview</span></h3>\n<span style=""font-weight: 400;"">The primary objective of the Essential course is to develop an understanding of Graston Technique© therapy (GT) and how to apply it into the full spectrum of musculoskeletal treatment approaches. The course also instructs clinicians on the proper use of the instruments.</span>\n\n<b>By the end of the training, you will be able to:</b>\n<ul>\n 	<li style=""font-weight: 400;"" aria-level=""1""><span style=""font-weight: 400;"">Demonstrate a working knowledge of the Graston Technique© brand instruments, GT treatments, potential effects, and benefits.</span></li>\n 	<li style=""font-weight: 400;"" aria-level=""1""><span style=""font-weight: 400;"">Identify and discuss the indications, contraindications (relative and absolute) of GT.</span></li>\n 	<li style=""font-weight: 400;"" aria-level=""1""><span style=""font-weight: 400;"">Review and develop a better understanding of soft tissue injury, healing and potential reactivity to instrument-assisted soft tissue mobilization (therapeutic and adverse).</span></li>\n 	<li style=""font-weight: 400;"" aria-level=""1""><span style=""font-weight: 400;"">Develop skill and competence in the GT application of IASTM to the major regions of soft tissue.</span></li>\n</ul>",,,none,,1,1,650,"Essential Training > ESS In-Person, Essential Training",,,https://grastontechnique.com/wp-content/uploads/2024/05/EauClaireWI_In-Person_Essential.webp,,,,,,,,,0,,,,,,,,,,,,,,,,,,,,,,,,,,
26012317,simple,,,"Essential Training - Portland, ME (Sep 6, 2025)",1,0,visible,,"<p><strong>Date:</strong> September 6, 2025<br><strong>Location:</strong> <span class=""c-beta-button__text "">Holiday Inn by the Bay</span><br><strong>Instructor:</strong> Kelsey Taylor</p><p><strong>Earn 12 CEUs</strong></p><p><strong>Event Overview</strong></p><p>Join us for the Graston Technique® Essential Training, a comprehensive workshop designed to introduce healthcare professionals to the Graston Technique® (GT) therapy, a leading instrument-assisted soft tissue mobilization (IASTM) technique. This full-day training will provide hands-on learning and education on the foundational principles and practices of GT, enabling participants to enhance their clinical skills and improve patient outcomes.</p><p><strong>What to Expect</strong></p><ul><li><strong>Foundational Training:</strong> Gain in-depth knowledge of the Graston Technique® therapy principles, instrument application, and treatment protocols.</li><li><strong>Hands-On Experience:</strong> Practice using the GT instruments in a supervised setting with direct feedback from an expert instructor.</li><li><strong>Clinical Applications:</strong> Learn how to integrate GT therapy into your practice to treat a wide variety of musculoskeletal conditions effectively.</li></ul><p><strong>Why Attend?</strong></p><ul><li>Earn <strong>12 CEUs</strong> upon completion.</li><li>Equip yourself with the latest techniques in instrument-assisted soft tissue mobilization.</li><li>Network with fellow healthcare professionals and expand your professional connections.</li></ul><p><strong>Don’t miss this opportunity to elevate your expertise in the Graston Technique® and provide even better care for your patients!</strong></p>",,,taxable,,1,1,650,"Essential Training > ESS In-Person, Essential Training",,,https://grastontechnique.com/wp-content/uploads/2024/07/PortlandME__In-Person_Essential_In-Person_Essential.webp,,,,,,,,,0,,,,,,,,,,,,,,,,,,,,,,,,,,
26017859,simple,,,"Essential Virtual Training - (Apr 26, 2025)",1,1,hidden,Live Online Essential Training for CORA,"<strong>Event Details:</strong>\n<ul>\n 	<li><strong>Date:</strong> Apr 26, 2025</li>\n 	<li><strong>Format:</strong> 3-hour self-paced pre-course + live virtual sessions</li>\n 	<li><strong>Platform:</strong> Zoom</li>\n 	<li><strong>Instructor:</strong> Michael Racette</li>\n 	<li><strong>CEUs:</strong> 12 Continuing Education Units</li>\n</ul>\n<strong>Join Our Comprehensive Graston Technique Virtual Training and Earn 12 CEUs!</strong>\n\nElevate your professional skills with our Essential Virtual Training on Apr 26, 2025. This flexible program begins with a 3-hour self-paced pre-course, allowing you to learn the fundamentals at your convenience. Following the pre-course, join live group sessions hosted on Zoom by renowned instructor Michael Racette, an expert in the Graston Technique (GT).\n\n<strong>Course Highlights:</strong>\n<ul>\n 	<li><strong>Hands-On Lab Sessions:</strong> Experience practical training covering key body areas, such as the knee, hip, spine, shoulder, and more.</li>\n 	<li><strong>Expert-Led Instruction:</strong> Gain in-depth knowledge and skills with guidance from Michael Racette, ensuring mastery in instrument-assisted soft tissue mobilization (IASTM).</li>\n 	<li><strong>Earn 12 CEUs:</strong> This course qualifies for 12 Continuing Education Units (CEUs), helping you meet your professional development goals while enhancing patient outcomes.</li>\n</ul>\n<strong>Why Attend This Training?</strong>\n<ul>\n 	<li><strong>Flexible Learning:</strong> Start with a self-paced pre-course and continue with live sessions tailored to your schedule.</li>\n 	<li><strong>Professional Growth:</strong> Expand your clinical skills and earn valuable CEUs.</li>\n 	<li><strong>Expert Guidance:</strong> Learn directly from Michael Racette, a leading authority in the field of soft tissue mobilization.</li>\n</ul>\n<strong> Secure your spot in the Essential Virtual Training and take your practice to the next level.</strong>\n\nThis training is perfect for healthcare professionals looking to deepen their expertise in the Graston Technique and enhance patient care. Don’t miss this opportunity to advance your skills and achieve your certification with 12 CEUs!",,,taxable,,1,1,650,"Essential Training > ESS Virtual Training, Essential Training",,,https://grastontechnique.com/wp-content/uploads/2024/08/Essential_Virtual_Training.webp,,,,,,,,,0,,,,,,,,,,,,,,,,,,,,,,,,,,
26021561,simple,,,"Essential Training - West Boylston, MA (Sep 20, 2025)",1,0,visible,,"<strong>Date:</strong> Sep 20, 2025\n\n<strong>Time: </strong>08:00 am - 06:00 pm\n<strong>Location:</strong> West Boylston, MA\n<strong>Instructor:</strong> Michael Racette\n\n<strong>Earn 12 CEUs</strong>\n\n<strong>Event Overview</strong>\n\nJoin us for the Graston Technique® Essential Training, a comprehensive workshop designed to introduce healthcare professionals to the Graston Technique® (GT) therapy, a leading instrument-assisted soft tissue mobilization (IASTM) technique. This full-day training will provide hands-on learning and education on the foundational principles and practices of GT, enabling participants to enhance their clinical skills and improve patient outcomes.\n\n<strong>What to Expect</strong>\n<ul>\n 	<li><strong>Foundational Training:</strong> Gain in-depth knowledge of the Graston Technique® therapy principles, instrument application, and treatment protocols.</li>\n 	<li><strong>Hands-On Experience:</strong> Practice using the GT instruments in a supervised setting with direct feedback from an expert instructor.</li>\n 	<li><strong>Clinical Applications:</strong> Learn how to integrate GT therapy into your practice to treat a wide variety of musculoskeletal conditions effectively.</li>\n</ul>\n<strong>Why Attend?</strong>\n<ul>\n 	<li>Earn <strong>12 CEUs</strong> upon completion.</li>\n 	<li>Equip yourself with the latest techniques in instrument-assisted soft tissue mobilization.</li>\n 	<li>Network with fellow healthcare professionals and expand your professional connections.</li>\n</ul>\n<strong>Registration Details</strong>\n<ul>\n 	<li>\n<ul>\n 	<li><strong>Fee:</strong> $650</li>\n</ul>\n</li>\n</ul>\n<strong>Includes:</strong> Access to online pre-course material, live group training sessions, GT instruments for use during the event, and a certificate of completion.",,,taxable,,1,0,650,"Essential Training > ESS In-Person, Essential Training",,,https://grastontechnique.com/wp-content/uploads/2024/10/EssIP_genPic.webp,,,,,,,,,0,,,,,,,,,,,,,,,,,,,,,,,,,,
26022807,simple,,,"Essential Training - Halifax, NS (Sep 20, 2025)",1,0,visible,,"<strong>Date:</strong> Sep 20, 2025\n\n<strong>Time: </strong>08:00 am - 06:00 pm\n<strong>Location:</strong> Halifax, NS\n<strong>Instructor:</strong> Dr Reena Pathak\n\n<strong>Earn 12 CEUs</strong>\n\n<strong>Event Overview</strong>\n\nJoin us for the Graston Technique® Essential Training, a comprehensive workshop designed to introduce healthcare professionals to the Graston Technique® (GT) therapy, a leading instrument-assisted soft tissue mobilization (IASTM) technique. This full-day training will provide hands-on learning and education on the foundational principles and practices of GT, enabling participants to enhance their clinical skills and improve patient outcomes.\n\n<strong>What to Expect</strong>\n<ul>\n 	<li><strong>Foundational Training:</strong> Gain in-depth knowledge of the Graston Technique® therapy principles, instrument application, and treatment protocols.</li>\n 	<li><strong>Hands-On Experience:</strong> Practice using the GT instruments in a supervised setting with direct feedback from an expert instructor.</li>\n 	<li><strong>Clinical Applications:</strong> Learn how to integrate GT therapy into your practice to treat a wide variety of musculoskeletal conditions effectively.</li>\n</ul>\n<strong>Why Attend?</strong>\n<ul>\n 	<li>Earn <strong>12 CEUs</strong> upon completion.</li>\n 	<li>Equip yourself with the latest techniques in instrument-assisted soft tissue mobilization.</li>\n 	<li>Network with fellow healthcare professionals and expand your professional connections.</li>\n</ul>\n<strong>Registration Details</strong>\n<ul>\n 	<li>\n<ul>\n 	<li><strong>Fee:</strong> $650</li>\n</ul>\n</li>\n</ul>\n<strong>Includes:</strong> Access to online pre-course material, live group training sessions, GT instruments for use during the event, and a certificate of completion.",,,taxable,,1,0,650,"Essential Training > ESS In-Person, Essential Training",,,https://grastontechnique.com/wp-content/uploads/2024/10/EssIP_genPic.webp,,,,,,,,,0,,,,,,,,,,,,,,,,,,,,,,,,,,
26023031,simple,,,"Essential Training - Cincinnati, OH (Aug 02, 2025)",-1,0,visible,,"<p><strong>Date:</strong> Aug 02, 2025</p>\n<p><strong>Time: </strong>08:00 am - 06:00 pm<br />\n<strong>Location:</strong> Cincinnati, OH<br />\n<strong>Instructor:</strong> Sheila Wilson</p>\n<p><strong>Earn 12 CEUs</strong></p>\n<p><strong>Event Overview</strong></p>\n<p>Join us for the Graston Technique® Essential Training, a comprehensive workshop designed to introduce healthcare professionals to the Graston Technique® (GT) therapy, a leading instrument-assisted soft tissue mobilization (IASTM) technique. This full-day training will provide hands-on learning and education on the foundational principles and practices of GT, enabling participants to enhance their clinical skills and improve patient outcomes.</p>\n<p><strong>What to Expect</strong></p>\n<ul>\n<li><strong>Foundational Training:</strong> Gain in-depth knowledge of the Graston Technique® therapy principles, instrument application, and treatment protocols.</li>\n<li><strong>Hands-On Experience:</strong> Practice using the GT instruments in a supervised setting with direct feedback from an expert instructor.</li>\n<li><strong>Clinical Applications:</strong> Learn how to integrate GT therapy into your practice to treat a wide variety of musculoskeletal conditions effectively.</li>\n</ul>\n<p><strong>Why Attend?</strong></p>\n<ul>\n<li>Earn <strong>12 CEUs</strong> upon completion.</li>\n<li>Equip yourself with the latest techniques in instrument-assisted soft tissue mobilization.</li>\n<li>Network with fellow healthcare professionals and expand your professional connections.</li>\n</ul>\n<p><strong>Registration Details</strong></p>\n<ul>\n<li>\n<ul>\n<li><strong>Fee:</strong> $650</li>\n</ul>\n</li>\n</ul>\n<p><strong>Includes:</strong> Access to online pre-course material, live group training sessions, GT instruments for use during the event, and a certificate of completion.</p>\n",,,taxable,,1,0,650,"Essential Training > ESS In-Person, Essential Training",,,https://grastontechnique.com/wp-content/uploads/2024/10/EssIP_genPic.webp,,,,,,,,,0,,,,,,,,,,,,,,,,,,,,,,,,,,
26023043,simple,,,"Essential Training - Pittsburgh, PA (Oct 11, 2025)",1,0,visible,,"<strong>Date:</strong> Oct 11, 2025\n\n<strong>Time: </strong>08:00 am - 06:00 pm\n<strong>Location:</strong> Pittsburgh, PA\n<strong>Instructor:</strong> Dr Reena Pathak\n\n<strong>Earn 12 CEUs</strong>\n\n<strong>Event Overview</strong>\n\nJoin us for the Graston Technique® Essential Training, a comprehensive workshop designed to introduce healthcare professionals to the Graston Technique® (GT) therapy, a leading instrument-assisted soft tissue mobilization (IASTM) technique. This full-day training will provide hands-on learning and education on the foundational principles and practices of GT, enabling participants to enhance their clinical skills and improve patient outcomes.\n\n<strong>What to Expect</strong>\n<ul>\n 	<li><strong>Foundational Training:</strong> Gain in-depth knowledge of the Graston Technique® therapy principles, instrument application, and treatment protocols.</li>\n 	<li><strong>Hands-On Experience:</strong> Practice using the GT instruments in a supervised setting with direct feedback from an expert instructor.</li>\n 	<li><strong>Clinical Applications:</strong> Learn how to integrate GT therapy into your practice to treat a wide variety of musculoskeletal conditions effectively.</li>\n</ul>\n<strong>Why Attend?</strong>\n<ul>\n 	<li>Earn <strong>12 CEUs</strong> upon completion.</li>\n 	<li>Equip yourself with the latest techniques in instrument-assisted soft tissue mobilization.</li>\n 	<li>Network with fellow healthcare professionals and expand your professional connections.</li>\n</ul>\n<strong>Registration Details</strong>\n<ul>\n 	<li>\n<ul>\n 	<li><strong>Fee:</strong> $650</li>\n</ul>\n</li>\n</ul>\n<strong>Includes:</strong> Access to online pre-course material, live group training sessions, GT instruments for use during the event, and a certificate of completion.",,,taxable,,1,0,650,"Essential Training > ESS In-Person, Essential Training",,,https://grastontechnique.com/wp-content/uploads/2024/10/EssIP_genPic.webp,,,,,,,,,0,,,,,,,,,,,,,,,,,,,,,,,,,,
26024593,simple,,,"Essential Training - Pasadena, CA (Sep 28, 2025)",1,0,visible,,"<strong>Date:</strong> Sep 28, 2025\n\n<strong>Time: </strong>08:00 am - 06:00 pm\n<strong>Location:</strong> Pasadena, CA\n<strong>Instructor:</strong> Larry Munger\n\n<strong>Earn 12 CEUs</strong>\n\n<strong>Event Overview</strong>\n\nJoin us for the Graston Technique® Essential Training, a comprehensive workshop designed to introduce healthcare professionals to the Graston Technique® (GT) therapy, a leading instrument-assisted soft tissue mobilization (IASTM) technique. This full-day training will provide hands-on learning and education on the foundational principles and practices of GT, enabling participants to enhance their clinical skills and improve patient outcomes.\n\n<strong>What to Expect</strong>\n<ul>\n 	<li><strong>Foundational Training:</strong> Gain in-depth knowledge of the Graston Technique® therapy principles, instrument application, and treatment protocols.</li>\n 	<li><strong>Hands-On Experience:</strong> Practice using the GT instruments in a supervised setting with direct feedback from an expert instructor.</li>\n 	<li><strong>Clinical Applications:</strong> Learn how to integrate GT therapy into your practice to treat a wide variety of musculoskeletal conditions effectively.</li>\n</ul>\n<strong>Why Attend?</strong>\n<ul>\n 	<li>Earn <strong>12 CEUs</strong> upon completion.</li>\n 	<li>Equip yourself with the latest techniques in instrument-assisted soft tissue mobilization.</li>\n 	<li>Network with fellow healthcare professionals and expand your professional connections.</li>\n</ul>\n<strong>Registration Details</strong>\n<ul>\n 	<li>\n<ul>\n 	<li><strong>Fee:</strong> $650</li>\n</ul>\n</li>\n</ul>\n<strong>Includes:</strong> Access to online pre-course material, live group training sessions, GT instruments for use during the event, and a certificate of completion.",,,taxable,,1,0,650,"Essential Training > ESS In-Person, Essential Training",,,https://grastontechnique.com/wp-content/uploads/2024/10/EssIP_genPic.webp,,,,,,,,,0,,,,,,,,,,,,,,,,,,,,,,,,,,
26025538,simple,,,"Essential Training - Cleveland, OH (Sep 13, 2025)",1,0,visible,,"<p><strong>Date:</strong> Sep 13, 2025</p><p><strong>Time:&nbsp;</strong>08:00 am - 06:00 pm<br><strong>Location:</strong> Cleveland, OH<br><strong>Instructor:</strong> Dr Reena Pathak</p><p><strong>Earn 12 CEUs</strong></p><p><strong>Event Overview</strong></p><p>Join us for the Graston Technique® Essential Training, a comprehensive workshop designed to introduce healthcare professionals to the Graston Technique® (GT) therapy, a leading instrument-assisted soft tissue mobilization (IASTM) technique. This full-day training will provide hands-on learning and education on the foundational principles and practices of GT, enabling participants to enhance their clinical skills and improve patient outcomes.</p><p><strong>What to Expect</strong></p><ul><li><strong>Foundational Training:</strong> Gain in-depth knowledge of the Graston Technique® therapy principles, instrument application, and treatment protocols.</li><li><strong>Hands-On Experience:</strong> Practice using the GT instruments in a supervised setting with direct feedback from an expert instructor.</li><li><strong>Clinical Applications:</strong> Learn how to integrate GT therapy into your practice to treat a wide variety of musculoskeletal conditions effectively.</li></ul><p><strong>Why Attend?</strong></p><ul><li>Earn <strong>12 CEUs</strong> upon completion.</li><li>Equip yourself with the latest techniques in instrument-assisted soft tissue mobilization.</li><li>Network with fellow healthcare professionals and expand your professional connections.</li></ul><p><strong>Registration Details</strong></p><ul><li><br><ul><li><strong>Fee:</strong> $650</li></ul></li></ul><p><strong>Includes:</strong> Access to online pre-course material, live group training sessions, GT instruments for use during the event, and a certificate of completion.</p>",,,taxable,,1,0,650,"Essential Training > ESS In-Person, Essential Training",,,https://grastontechnique.com/wp-content/uploads/2024/10/EssIP_genPic.webp,,,,,,,,,0,,,,,,,,,,,,,,,,,,,,,,,,,,
26025572,simple,,,"Essential Training - Merritt Island, FL (Sep 27, 2025)",1,0,visible,,"<p><strong>Date:</strong> Sep 27, 2025</p><p><strong>Time:&nbsp;</strong>08:00 am - 06:00 pm<br><strong>Location:</strong> Merritt Island, FL<br><strong>Instructor:</strong> Mark Wieland</p><p><strong>Earn 12 CEUs</strong></p><p><strong>Event Overview</strong></p><p>Join us for the Graston Technique® Essential Training, a comprehensive workshop designed to introduce healthcare professionals to the Graston Technique® (GT) therapy, a leading instrument-assisted soft tissue mobilization (IASTM) technique. This full-day training will provide hands-on learning and education on the foundational principles and practices of GT, enabling participants to enhance their clinical skills and improve patient outcomes.</p><p><strong>What to Expect</strong></p><ul><li><strong>Foundational Training:</strong> Gain in-depth knowledge of the Graston Technique® therapy principles, instrument application, and treatment protocols.</li><li><strong>Hands-On Experience:</strong> Practice using the GT instruments in a supervised setting with direct feedback from an expert instructor.</li><li><strong>Clinical Applications:</strong> Learn how to integrate GT therapy into your practice to treat a wide variety of musculoskeletal conditions effectively.</li></ul><p><strong>Why Attend?</strong></p><ul><li>Earn <strong>12 CEUs</strong> upon completion.</li><li>Equip yourself with the latest techniques in instrument-assisted soft tissue mobilization.</li><li>Network with fellow healthcare professionals and expand your professional connections.</li></ul><p><strong>Registration Details</strong></p><ul><li><br><ul><li><strong>Fee:</strong> $650</li></ul></li></ul><p><strong>Includes:</strong> Access to online pre-course material, live group training sessions, GT instruments for use during the event, and a certificate of completion.</p>",,,taxable,,1,0,650,"Essential Training > ESS In-Person, Essential Training",,,https://grastontechnique.com/wp-content/uploads/2024/10/EssIP_genPic.webp,,,,,,,,,0,,,,,,,,,,,,,,,,,,,,,,,,,,
26025715,simple,,,"Essential Training - Phoenix, AZ (Aug 23, 2025)",-1,0,visible,,"<p><strong>Date:</strong> Aug 23, 2025</p>\n<p><strong>Time:&nbsp;</strong>08:00 am - 06:00 pm<br /><strong>Location:</strong> Phoenix, AZ<br /><strong>Instructor:</strong> Larry Munger</p>\n<p><strong>Earn 12 CEUs</strong></p>\n<p><strong>Event Overview</strong></p>\n<p>Join us for the Graston Technique® Essential Training, a comprehensive workshop designed to introduce healthcare professionals to the Graston Technique® (GT) therapy, a leading instrument-assisted soft tissue mobilization (IASTM) technique. This full-day training will provide hands-on learning and education on the foundational principles and practices of GT, enabling participants to enhance their clinical skills and improve patient outcomes.</p>\n<p><strong>What to Expect</strong></p>\n<ul>\n<li><strong>Foundational Training:</strong> Gain in-depth knowledge of the Graston Technique® therapy principles, instrument application, and treatment protocols.</li>\n<li><strong>Hands-On Experience:</strong> Practice using the GT instruments in a supervised setting with direct feedback from an expert instructor.</li>\n<li><strong>Clinical Applications:</strong> Learn how to integrate GT therapy into your practice to treat a wide variety of musculoskeletal conditions effectively.</li>\n</ul>\n<p><strong>Why Attend?</strong></p>\n<ul>\n<li>Earn <strong>12 CEUs</strong> upon completion.</li>\n<li>Equip yourself with the latest techniques in instrument-assisted soft tissue mobilization.</li>\n<li>Network with fellow healthcare professionals and expand your professional connections.</li>\n</ul>\n<p><strong>Registration Details</strong></p>\n<ul>\n<li>\n<ul>\n<li><strong>Fee:</strong> $650</li>\n</ul>\n</li>\n</ul>\n<p><strong>Includes:</strong> Access to online pre-course material, live group training sessions, GT instruments for use during the event, and a certificate of completion.</p>\n",,,taxable,,1,0,650,"Essential Training > ESS In-Person, Essential Training",,,https://grastontechnique.com/wp-content/uploads/2024/10/EssIP_genPic.webp,,,,,,,,,0,,,,,,,,,,,,,,,,,,,,,,,,,,
26025942,simple,,,"Essential Training - Eau Claire, WI (Aug 16, 2025)",1,0,visible,,"<strong>Date:</strong> Aug 16, 2025\n\n<strong>Time: </strong>08:00 am - 06:00 pm\n<strong>Location:</strong> Eau Claire, WI\n<strong>Instructor:</strong> Robert Stow\n\n<strong>Earn 12 CEUs</strong>\n\n<strong>Event Overview</strong>\n\nJoin us for the Graston Technique® Essential Training, a comprehensive workshop designed to introduce healthcare professionals to the Graston Technique® (GT) therapy, a leading instrument-assisted soft tissue mobilization (IASTM) technique. This full-day training will provide hands-on learning and education on the foundational principles and practices of GT, enabling participants to enhance their clinical skills and improve patient outcomes.\n\n<strong>What to Expect</strong>\n<ul>\n 	<li><strong>Foundational Training:</strong> Gain in-depth knowledge of the Graston Technique® therapy principles, instrument application, and treatment protocols.</li>\n 	<li><strong>Hands-On Experience:</strong> Practice using the GT instruments in a supervised setting with direct feedback from an expert instructor.</li>\n 	<li><strong>Clinical Applications:</strong> Learn how to integrate GT therapy into your practice to treat a wide variety of musculoskeletal conditions effectively.</li>\n</ul>\n<strong>Why Attend?</strong>\n<ul>\n 	<li>Earn <strong>12 CEUs</strong> upon completion.</li>\n 	<li>Equip yourself with the latest techniques in instrument-assisted soft tissue mobilization.</li>\n 	<li>Network with fellow healthcare professionals and expand your professional connections.</li>\n</ul>\n<strong>Registration Details</strong>\n<ul>\n 	<li>\n<ul>\n 	<li><strong>Fee:</strong> $650</li>\n</ul>\n</li>\n</ul>\n<strong>Includes:</strong> Access to online pre-course material, live group training sessions, GT instruments for use during the event, and a certificate of completion.",,,taxable,,1,0,650,"Essential Training > ESS In-Person, Essential Training",,,https://grastontechnique.com/wp-content/uploads/2024/10/EssIP_genPic.webp,,,,,,,,,0,,,,,,,,,,,,,,,,,,,,,,,,,,
26030951,simple,,,"Essential Training - Las Vegas, NV (Oct 25, 2025)",1,0,visible,,"<strong>Date:</strong> Oct 25, 2025\n\n<strong>Time: </strong>08:00 am - 06:00 pm\n<strong>Location:</strong> Las Vegas, NV\n<strong>Instructor:</strong> Trevor Roberts\n\n<strong>Earn 12 CEUs</strong>\n\n<strong>Event Overview</strong>\n\nJoin us for the Graston Technique® Essential Training, a comprehensive workshop designed to introduce healthcare professionals to the Graston Technique® (GT) therapy, a leading instrument-assisted soft tissue mobilization (IASTM) technique. This full-day training will provide hands-on learning and education on the foundational principles and practices of GT, enabling participants to enhance their clinical skills and improve patient outcomes.\n\n<strong>What to Expect</strong>\n<ul>\n 	<li><strong>Foundational Training:</strong> Gain in-depth knowledge of the Graston Technique® therapy principles, instrument application, and treatment protocols.</li>\n 	<li><strong>Hands-On Experience:</strong> Practice using the GT instruments in a supervised setting with direct feedback from an expert instructor.</li>\n 	<li><strong>Clinical Applications:</strong> Learn how to integrate GT therapy into your practice to treat a wide variety of musculoskeletal conditions effectively.</li>\n</ul>\n<strong>Why Attend?</strong>\n<ul>\n 	<li>Earn <strong>12 CEUs</strong> upon completion.</li>\n 	<li>Equip yourself with the latest techniques in instrument-assisted soft tissue mobilization.</li>\n 	<li>Network with fellow healthcare professionals and expand your professional connections.</li>\n</ul>\n<strong>Registration Details</strong>\n<ul>\n 	<li>\n<ul>\n 	<li><strong>Fee:</strong> $650</li>\n</ul>\n</li>\n</ul>\n<strong>Includes:</strong> Access to online pre-course material, live group training sessions, GT instruments for use during the event, and a certificate of completion.",,,taxable,,1,0,650,"Essential Training > ESS In-Person, Essential Training",,,https://grastontechnique.com/wp-content/uploads/2024/10/EssIP_genPic.webp,,,,,,,,,0,,,,,,,,,,,,,,,,,,,,,,,,,,
26031000,simple,,,"Essential Training - Cape Coral, FL (Sep 27, 2025)",1,0,visible,,"<p><strong>Date:</strong> Sep 27, 2025</p><p><strong>Time:&nbsp;</strong>08:00 am - 06:00 pm<br><strong>Location:</strong> Cape Coral, FL<br><strong>Instructor:</strong> Ashli Linkhorn</p><p><strong>Earn 12 CEUs</strong></p><p><strong>Event Overview</strong></p><p>Join us for the Graston Technique® Essential Training, a comprehensive workshop designed to introduce healthcare professionals to the Graston Technique® (GT) therapy, a leading instrument-assisted soft tissue mobilization (IASTM) technique. This full-day training will provide hands-on learning and education on the foundational principles and practices of GT, enabling participants to enhance their clinical skills and improve patient outcomes.</p><p><strong>What to Expect</strong></p><ul><li><strong>Foundational Training:</strong> Gain in-depth knowledge of the Graston Technique® therapy principles, instrument application, and treatment protocols.</li><li><strong>Hands-On Experience:</strong> Practice using the GT instruments in a supervised setting with direct feedback from an expert instructor.</li><li><strong>Clinical Applications:</strong> Learn how to integrate GT therapy into your practice to treat a wide variety of musculoskeletal conditions effectively.</li></ul><p><strong>Why Attend?</strong></p><ul><li>Earn <strong>12 CEUs</strong> upon completion.</li><li>Equip yourself with the latest techniques in instrument-assisted soft tissue mobilization.</li><li>Network with fellow healthcare professionals and expand your professional connections.</li></ul><p><strong>Registration Details</strong></p><ul><li><br><ul><li><strong>Fee:</strong> $650</li></ul></li></ul><p><strong>Includes:</strong> Access to online pre-course material, live group training sessions, GT instruments for use during the event, and a certificate of completion.</p>",,,taxable,,1,0,650,"Essential Training > ESS In-Person, Essential Training",,,https://grastontechnique.com/wp-content/uploads/2024/10/EssIP_genPic.webp,,,,,,,,,0,,,,,,,,,,,,,,,,,,,,,,,,,,
26031015,simple,,,"Advanced Training - Indianapolis, IN (Nov 08, 2025)",1,0,visible,,"<p><strong>First Day:</strong> Nov 08, 2025<br><strong>Time:</strong> 08:00 am - 05:30 pm</p><p><strong>Last Day:</strong> Nov 09, 2025</p><p><strong>Time:</strong> 07:30 am - 01:30 pm<br><strong>Location:</strong> Indianapolis, IN</p><p><strong>Earn 14 CEUs</strong></p><p><strong>Event Overview</strong></p><p>Take your expertise in the Graston Technique® to the next level with our Advanced Training session in Indianapolis, IN. This intensive course is designed for practitioners who have already completed the Essential Training and are looking to deepen their understanding and refine their skills in instrument-assisted soft tissue mobilization (IASTM).</p><p>This advanced training will explore more complex clinical applications of the Graston Technique®, providing participants with the knowledge and skills to handle more challenging cases and achieve better patient outcomes.</p><p><strong>Why Attend This Advanced Training?</strong></p><ul><li><strong>Deepen Your Expertise:</strong> Build on your foundational knowledge of the Graston Technique® and learn advanced treatment strategies for more complex cases.</li><li><strong>Hands-On Practice:</strong> Engage in interactive, hands-on sessions to refine your technique and improve your confidence in using the Graston Technique® for a broader range of conditions.</li><li><strong>Expand Your Clinical Applications:</strong> Learn to integrate advanced IASTM techniques into your practice for more effective treatment of soft tissue injuries, scar tissue, and fascial restrictions.</li><li><strong>Earn Continuing Education Units (CEUs):</strong> This training is accredited, allowing you to earn additional CEUs to fulfill your professional development requirements.</li></ul><p><strong>How to Register:</strong></p><p>Advance your clinical practice and skills with this comprehensive advanced training session. <strong>Register Now</strong> to secure your spot.</p><p>For more information or any questions, please contact us at <em>info@grastontechnique.com</em>.</p><p><strong>Don’t miss this opportunity to elevate your expertise in the Graston Technique® and provide even better care for your patients!</strong></p>",,,taxable,,1,0,695,"Advanced Training > ADV In-Person, Advanced Training",,,https://grastontechnique.com/wp-content/uploads/2024/11/AdvIP_GenPic-02.webp,,,,,,,,,0,,,,,,,,,,,,,,,,,,,,,,,,,,
26031225,simple,,,"Advanced Training - Atlanta, GA (Nov 01, 2025)",1,0,visible,,"<p><strong>First Day:</strong> Nov 01, 2025<br><strong>Time:</strong> 08:00 am - 05:30 pm</p><p><strong>Last Day:</strong> Nov 02, 2025</p><p><strong>Time:</strong> 07:30 am - 01:30 pm<br><strong>Location:</strong> Atlanta, GA</p><p><strong>Earn 14 CEUs</strong></p><p><strong>Event Overview</strong></p><p>Take your expertise in the Graston Technique® to the next level with our Advanced Training session in Atlanta, GA. This intensive course is designed for practitioners who have already completed the Essential Training and are looking to deepen their understanding and refine their skills in instrument-assisted soft tissue mobilization (IASTM).</p><p>This advanced training will explore more complex clinical applications of the Graston Technique®, providing participants with the knowledge and skills to handle more challenging cases and achieve better patient outcomes.</p><p><strong>Why Attend This Advanced Training?</strong></p><ul><li><strong>Deepen Your Expertise:</strong> Build on your foundational knowledge of the Graston Technique® and learn advanced treatment strategies for more complex cases.</li><li><strong>Hands-On Practice:</strong> Engage in interactive, hands-on sessions to refine your technique and improve your confidence in using the Graston Technique® for a broader range of conditions.</li><li><strong>Expand Your Clinical Applications:</strong> Learn to integrate advanced IASTM techniques into your practice for more effective treatment of soft tissue injuries, scar tissue, and fascial restrictions.</li><li><strong>Earn Continuing Education Units (CEUs):</strong> This training is accredited, allowing you to earn additional CEUs to fulfill your professional development requirements.</li></ul><p><strong>How to Register:</strong></p><p>Advance your clinical practice and skills with this comprehensive advanced training session. <strong>Register Now</strong> to secure your spot.</p><p>For more information or any questions, please contact us at <em>info@grastontechnique.com</em>.</p><p><strong>Don’t miss this opportunity to elevate your expertise in the Graston Technique® and provide even better care for your patients!</strong></p>",,,taxable,,1,0,695,"Advanced Training > ADV In-Person, Advanced Training",,,https://grastontechnique.com/wp-content/uploads/2024/11/AdvIP_GenPic-02.webp,,,,,,,,,0,,,,,,,,,,,,,,,,,,,,,,,,,,
26031232,"course, virtual",,,"Advanced Training - West Melbourne, FL (Nov 15, 2025)",1,0,visible,,"<strong>First Day:</strong> Nov 15, 2025\n<strong>Time:</strong> 08:00 am – 05:30 pm\n\n<strong>Last Day:</strong> Nov 16, 2025\n\n<strong>Time:</strong> 07:30 am – 01:30 pm\n<strong>Location:</strong> West Melbourne, FL\n\n<strong>Earn 14 CEUs</strong>\n\n<strong>Event Overview</strong>\n\nTake your expertise in the Graston Technique® to the next level with our Advanced Training session in West Melbourne, FL. This intensive course is designed for practitioners who have already completed the Essential Training and are looking to deepen their understanding and refine their skills in instrument-assisted soft tissue mobilization (IASTM).\n\nThis advanced training will explore more complex clinical applications of the Graston Technique®, providing participants with the knowledge and skills to handle more challenging cases and achieve better patient outcomes.\n\n<strong>Why Attend This Advanced Training?</strong>\n<ul>\n 	<li><strong>Deepen Your Expertise:</strong> Build on your foundational knowledge of the Graston Technique® and learn advanced treatment strategies for more complex cases.</li>\n 	<li><strong>Hands-On Practice:</strong> Engage in interactive, hands-on sessions to refine your technique and improve your confidence in using the Graston Technique® for a broader range of conditions.</li>\n 	<li><strong>Expand Your Clinical Applications:</strong> Learn to integrate advanced IASTM techniques into your practice for more effective treatment of soft tissue injuries, scar tissue, and fascial restrictions.</li>\n 	<li><strong>Earn Continuing Education Units (CEUs):</strong> This training is accredited, allowing you to earn additional CEUs to fulfill your professional development requirements.</li>\n</ul>\n<strong>How to Register:</strong>\n\nAdvance your clinical practice and skills with this comprehensive advanced training session. <strong>Register Now</strong> to secure your spot.\n\nFor more information or any questions, please contact us at <em>info@grastontechnique.com</em>.\n\n<strong>Don’t miss this opportunity to elevate your expertise in the Graston Technique® and provide even better care for your patients!</strong>",,,taxable,,1,1,695,"Advanced Training > ADV In-Person, Advanced Training",,,https://grastontechnique.com/wp-content/uploads/2024/07/WestMelbourneFL_In-Person_Advanced.webp,,,,,,,,,0,,,,,,,,,,,,,,,,,,,,,,,,,,
26031495,"simple, virtual",,,"Essential Training - Port Moody, BC (Sep 27, 2025)",1,0,visible,,"<strong>Date:</strong> Sep 27, 2025\n\n<strong>Time: </strong>08:00 am - 06:00 pm\n<strong>Location:</strong> Port Moody, BC\n<strong>Instructor:</strong> John Dang\n\n<strong>Earn 12 CEUs</strong>\n\n<strong>Event Overview</strong>\n\nJoin us for the Graston Technique® Essential Training, a comprehensive workshop designed to introduce healthcare professionals to the Graston Technique® (GT) therapy, a leading instrument-assisted soft tissue mobilization (IASTM) technique. This full-day training will provide hands-on learning and education on the foundational principles and practices of GT, enabling participants to enhance their clinical skills and improve patient outcomes.\n\n<strong>What to Expect</strong>\n<ul>\n 	<li><strong>Foundational Training:</strong> Gain in-depth knowledge of the Graston Technique® therapy principles, instrument application, and treatment protocols.</li>\n 	<li><strong>Hands-On Experience:</strong> Practice using the GT instruments in a supervised setting with direct feedback from an expert instructor.</li>\n 	<li><strong>Clinical Applications:</strong> Learn how to integrate GT therapy into your practice to treat a wide variety of musculoskeletal conditions effectively.</li>\n</ul>\n<strong>Why Attend?</strong>\n<ul>\n 	<li>Earn <strong>12 CEUs</strong> upon completion.</li>\n 	<li>Equip yourself with the latest techniques in instrument-assisted soft tissue mobilization.</li>\n 	<li>Network with fellow healthcare professionals and expand your professional connections.</li>\n</ul>\n<strong>Registration Details</strong>\n<ul>\n 	<li>\n<ul>\n 	<li><strong>Fee:</strong> $650</li>\n</ul>\n</li>\n</ul>\n<strong>Includes:</strong> Access to online pre-course material, live group training sessions, GT instruments for use during the event, and a certificate of completion.",,,taxable,,1,0,650,"Essential Training > ESS In-Person, Essential Training",,,https://grastontechnique.com/wp-content/uploads/2024/10/EssIP_genPic.webp,,,,,,,,,0,,,,,,,,,,,,,,,,,,,,,,,,,,
26031583,simple,,,"Essential Training - Denver, CO (Nov 22, 2025)",1,0,visible,,"<strong>Date:</strong> Nov 22, 2025\n\n<strong>Time: </strong>08:00 am - 06:00 pm\n<strong>Location:</strong> Denver, CO\n<strong>Instructor:</strong> Ryan Lystad\n\n<strong>Earn 12 CEUs</strong>\n\n<strong>Event Overview</strong>\n\nJoin us for the Graston Technique® Essential Training, a comprehensive workshop designed to introduce healthcare professionals to the Graston Technique® (GT) therapy, a leading instrument-assisted soft tissue mobilization (IASTM) technique. This full-day training will provide hands-on learning and education on the foundational principles and practices of GT, enabling participants to enhance their clinical skills and improve patient outcomes.\n\n<strong>What to Expect</strong>\n<ul>\n 	<li><strong>Foundational Training:</strong> Gain in-depth knowledge of the Graston Technique® therapy principles, instrument application, and treatment protocols.</li>\n 	<li><strong>Hands-On Experience:</strong> Practice using the GT instruments in a supervised setting with direct feedback from an expert instructor.</li>\n 	<li><strong>Clinical Applications:</strong> Learn how to integrate GT therapy into your practice to treat a wide variety of musculoskeletal conditions effectively.</li>\n</ul>\n<strong>Why Attend?</strong>\n<ul>\n 	<li>Earn <strong>12 CEUs</strong> upon completion.</li>\n 	<li>Equip yourself with the latest techniques in instrument-assisted soft tissue mobilization.</li>\n 	<li>Network with fellow healthcare professionals and expand your professional connections.</li>\n</ul>\n<strong>Registration Details</strong>\n<ul>\n 	<li>\n<ul>\n 	<li><strong>Fee:</strong> $650</li>\n</ul>\n</li>\n</ul>\n<strong>Includes:</strong> Access to online pre-course material, live group training sessions, GT instruments for use during the event, and a certificate of completion.",,,taxable,,1,0,650,"Essential Training > ESS In-Person, Essential Training",,,https://grastontechnique.com/wp-content/uploads/2024/10/EssIP_genPic.webp,,,,,,,,,0,,,,,,,,,,,,,,,,,,,,,,,,,,
26031688,simple,,,"Essential Training - Garden City, NY (Oct 18, 2025)",1,0,visible,,"<strong>Date:</strong> Oct 18, 2025\n\n<strong>Time: </strong>08:00 am - 06:00 pm\n<strong>Location:</strong> Garden City, NY\n<strong>Instructor:</strong> Dave Mansfield\n\n<strong>Earn 12 CEUs</strong>\n\n<strong>Event Overview</strong>\n\nJoin us for the Graston Technique® Essential Training, a comprehensive workshop designed to introduce healthcare professionals to the Graston Technique® (GT) therapy, a leading instrument-assisted soft tissue mobilization (IASTM) technique. This full-day training will provide hands-on learning and education on the foundational principles and practices of GT, enabling participants to enhance their clinical skills and improve patient outcomes.\n\n<strong>What to Expect</strong>\n<ul>\n 	<li><strong>Foundational Training:</strong> Gain in-depth knowledge of the Graston Technique® therapy principles, instrument application, and treatment protocols.</li>\n 	<li><strong>Hands-On Experience:</strong> Practice using the GT instruments in a supervised setting with direct feedback from an expert instructor.</li>\n 	<li><strong>Clinical Applications:</strong> Learn how to integrate GT therapy into your practice to treat a wide variety of musculoskeletal conditions effectively.</li>\n</ul>\n<strong>Why Attend?</strong>\n<ul>\n 	<li>Earn <strong>12 CEUs</strong> upon completion.</li>\n 	<li>Equip yourself with the latest techniques in instrument-assisted soft tissue mobilization.</li>\n 	<li>Network with fellow healthcare professionals and expand your professional connections.</li>\n</ul>\n<strong>Registration Details</strong>\n<ul>\n 	<li>\n<ul>\n 	<li><strong>Fee:</strong> $650</li>\n</ul>\n</li>\n</ul>\n<strong>Includes:</strong> Access to online pre-course material, live group training sessions, GT instruments for use during the event, and a certificate of completion.",,,taxable,,1,0,650,"Essential Training > ESS In-Person, Essential Training",,,https://grastontechnique.com/wp-content/uploads/2024/10/EssIP_genPic.webp,,,,,,,,,0,,,,,,,,,,,,,,,,,,,,,,,,,,
26031921,simple,,,"Essential Training - Livermore, CA (Nov 08, 2025)",1,0,visible,,"<p><strong>Date:</strong> Nov 08, 2025</p><p><strong>Time:&nbsp;</strong>08:00 am - 06:00 pm<br><strong>Location:</strong> Livermore, CA<br><strong>Instructor:</strong> John Dang</p><p><strong>Earn 12 CEUs</strong></p><p><strong>Event Overview</strong></p><p>Join us for the Graston Technique® Essential Training, a comprehensive workshop designed to introduce healthcare professionals to the Graston Technique® (GT) therapy, a leading instrument-assisted soft tissue mobilization (IASTM) technique. This full-day training will provide hands-on learning and education on the foundational principles and practices of GT, enabling participants to enhance their clinical skills and improve patient outcomes.</p><p><strong>What to Expect</strong></p><ul><li><strong>Foundational Training:</strong> Gain in-depth knowledge of the Graston Technique® therapy principles, instrument application, and treatment protocols.</li><li><strong>Hands-On Experience:</strong> Practice using the GT instruments in a supervised setting with direct feedback from an expert instructor.</li><li><strong>Clinical Applications:</strong> Learn how to integrate GT therapy into your practice to treat a wide variety of musculoskeletal conditions effectively.</li></ul><p><strong>Why Attend?</strong></p><ul><li>Earn <strong>12 CEUs</strong> upon completion.</li><li>Equip yourself with the latest techniques in instrument-assisted soft tissue mobilization.</li><li>Network with fellow healthcare professionals and expand your professional connections.</li></ul><p><strong>Registration Details</strong></p><ul><li><br><ul><li><strong>Fee:</strong> $650</li></ul></li></ul><p><strong>Includes:</strong> Access to online pre-course material, live group training sessions, GT instruments for use during the event, and a certificate of completion.</p>",,,taxable,,1,0,650,"Essential Training > ESS In-Person, Essential Training",,,https://grastontechnique.com/wp-content/uploads/2024/10/EssIP_genPic.webp,,,,,,,,,0,,,,,,,,,,,,,,,,,,,,,,,,,,
27397901,simple,,,"Essential Training - New York City, NY (Nov 08, 2025)",1,0,visible,,"<p><strong>Date:</strong> Nov 08, 2025</p><p><strong>Time:&nbsp;</strong>08:00 am - 06:00 pm<br><strong>Location:</strong> New York City, NY<br><strong>Instructor:</strong> Justine DeLuccio</p><p><strong>Earn 12 CEUs</strong></p><p><strong>Event Overview</strong></p><p>Join us for the Graston Technique® Essential Training, a comprehensive workshop designed to introduce healthcare professionals to the Graston Technique® (GT) therapy, a leading instrument-assisted soft tissue mobilization (IASTM) technique. This full-day training will provide hands-on learning and education on the foundational principles and practices of GT, enabling participants to enhance their clinical skills and improve patient outcomes.</p><p><strong>What to Expect</strong></p><ul><li><strong>Foundational Training:</strong> Gain in-depth knowledge of the Graston Technique® therapy principles, instrument application, and treatment protocols.</li><li><strong>Hands-On Experience:</strong> Practice using the GT instruments in a supervised setting with direct feedback from an expert instructor.</li><li><strong>Clinical Applications:</strong> Learn how to integrate GT therapy into your practice to treat a wide variety of musculoskeletal conditions effectively.</li></ul><p><strong>Why Attend?</strong></p><ul><li>Earn <strong>12 CEUs</strong> upon completion.</li><li>Equip yourself with the latest techniques in instrument-assisted soft tissue mobilization.</li><li>Network with fellow healthcare professionals and expand your professional connections.</li></ul><p><strong>Registration Details</strong></p><ul><li><br><ul><li><strong>Fee:</strong> $650</li></ul></li></ul><p><strong>Includes:</strong> Access to online pre-course material, live group training sessions, GT instruments for use during the event, and a certificate of completion.</p>",,,taxable,,1,0,650,"Essential Training > ESS In-Person, Essential Training",,,https://grastontechnique.com/wp-content/uploads/2024/10/EssIP_genPic.webp,,,,,,,,,0,,,,,,,,,,,,,,,,,,,,,,,,,,
27397905,simple,,,"Advanced Training - West Boylston, MA (Dec 06, 2025)",1,0,visible,,"<p><strong>First Day:</strong> Dec 06, 2025<br /><strong>Time:</strong> 08:00 am - 05:30 pm</p>\n<p><strong>Last Day:</strong> Dec 07, 2025</p>\n<p><strong>Time:</strong> 07:30 am - 01:30 pm<br /><strong>Location:</strong> West Boylston, MA</p>\n<p><strong>Earn 14 CEUs</strong></p>\n<p><strong>Event Overview</strong></p>\n<p>Take your expertise in the Graston Technique® to the next level with our Advanced Training session in West Boylston, MA. This intensive course is designed for practitioners who have already completed the Essential Training and are looking to deepen their understanding and refine their skills in instrument-assisted soft tissue mobilization (IASTM).</p>\n<p>This advanced training will explore more complex clinical applications of the Graston Technique®, providing participants with the knowledge and skills to handle more challenging cases and achieve better patient outcomes.</p>\n<p><strong>Why Attend This Advanced Training?</strong></p>\n<ul>\n<li><strong>Deepen Your Expertise:</strong> Build on your foundational knowledge of the Graston Technique® and learn advanced treatment strategies for more complex cases.</li>\n<li><strong>Hands-On Practice:</strong> Engage in interactive, hands-on sessions to refine your technique and improve your confidence in using the Graston Technique® for a broader range of conditions.</li>\n<li><strong>Expand Your Clinical Applications:</strong> Learn to integrate advanced IASTM techniques into your practice for more effective treatment of soft tissue injuries, scar tissue, and fascial restrictions.</li>\n<li><strong>Earn Continuing Education Units (CEUs):</strong> This training is accredited, allowing you to earn additional CEUs to fulfill your professional development requirements.</li>\n</ul>\n<p><strong>How to Register:</strong></p>\n<p>Advance your clinical practice and skills with this comprehensive advanced training session. <strong>Register Now</strong> to secure your spot.</p>\n<p>For more information or any questions, please contact us at <em>info@grastontechnique.com</em>.</p>\n<p><strong>Don’t miss this opportunity to elevate your expertise in the Graston Technique® and provide even better care for your patients!</strong></p>\n",,,taxable,,1,0,695,"Advanced Training > ADV In-Person, Advanced Training",,,https://grastontechnique.com/wp-content/uploads/2024/11/AdvIP_GenPic-02.webp,,,,,,,,,0,,,,,,,,,,,,,,,,,,,,,,,,,,
27397917,simple,,,"Essential Virtual Training - (Sep 13, 2025)",1,0,visible,,"<p><strong>Event Details:</strong></p><ul><li><strong>First Day:</strong> Sep 13, 2025</li><li><strong>Time: 11:00 am - 03:30 pm</strong></li><li><strong>Second Day: Sep 14, 2025</strong></li><li><strong>Time: 11:00 am</strong> - 03:30 pm</li><li><strong>Format:</strong> 3-hour self-paced pre-course + live virtual sessions</li><li><strong>Platform:</strong> Zoom</li><li><strong>Instructor:</strong> Greg Kelley</li><li><strong>CEUs:</strong> 12 Continuing Education Units</li></ul><p><strong>Join Our Comprehensive Graston Technique Virtual Training and Earn 12 CEUs!</strong></p><p>Elevate your professional skills with our Essential Virtual Training on Sep 13, 2025. This flexible program begins with a 3-hour self-paced pre-course, allowing you to learn the fundamentals at your convenience. Following the pre-course, join live group sessions hosted on Zoom by renowned instructor Greg Kelley, an expert in the Graston Technique (GT).</p><p><strong>Course Highlights:</strong></p><ul><li><strong>Hands-On Lab Sessions:</strong> Experience practical training covering key body areas, such as the knee, hip, spine, shoulder, and more.</li><li><strong>Expert-Led Instruction:</strong> Gain in-depth knowledge and skills with guidance from Greg Kelley, ensuring mastery in instrument-assisted soft tissue mobilization (IASTM).</li><li><strong>Earn 12 CEUs:</strong> This course qualifies for 12 Continuing Education Units (CEUs), helping you meet your professional development goals while enhancing patient outcomes.</li></ul><p><strong>Why Attend This Training?</strong></p><ul><li><strong>Flexible Learning:</strong> Start with a self-paced pre-course and continue with live sessions tailored to your schedule.</li><li><strong>Professional Growth:</strong> Expand your clinical skills and earn valuable CEUs.</li><li><strong>Expert Guidance:</strong> Learn directly from Greg Kelley, a leading authority in the field of soft tissue mobilization.</li></ul><p><strong>&nbsp;Secure your spot in the Essential Virtual Training and take your practice to the next level.</strong></p><p>This training is perfect for healthcare professionals looking to deepen their expertise in the Graston Technique and enhance patient care. Don’t miss this opportunity to advance your skills and achieve your certification with 12 CEUs!</p>",,,taxable,,1,0,650,"Essential Training > ESS Virtual Training, Essential Training",,,https://grastontechnique.com/wp-content/uploads/2024/08/Essential_Virtual_Training.webp,,,,,,,,,0,,,,,,,,,,,,,,,,,,,,,,,,,,
27398059,simple,,,"Advanced Training - Des Plaines, IL (Jan 24, 2026)",1,0,visible,,"<p><strong>First Day:</strong> Jan 24, 2026<br /><strong>Time:</strong> 08:00 am - 05:30 pm</p>\n<p><strong>Last Day:</strong> Jan 25, 2026</p>\n<p><strong>Time:</strong> 07:30 am - 01:30 pm<br /><strong>Location:</strong> Des Plaines, IL</p>\n<p><strong>Earn 14 CEUs</strong></p>\n<p><strong>Event Overview</strong></p>\n<p>Take your expertise in the Graston Technique® to the next level with our Advanced Training session in Des Plaines, IL. This intensive course is designed for practitioners who have already completed the Essential Training and are looking to deepen their understanding and refine their skills in instrument-assisted soft tissue mobilization (IASTM).</p>\n<p>This advanced training will explore more complex clinical applications of the Graston Technique®, providing participants with the knowledge and skills to handle more challenging cases and achieve better patient outcomes.</p>\n<p><strong>Why Attend This Advanced Training?</strong></p>\n<ul>\n<li><strong>Deepen Your Expertise:</strong> Build on your foundational knowledge of the Graston Technique® and learn advanced treatment strategies for more complex cases.</li>\n<li><strong>Hands-On Practice:</strong> Engage in interactive, hands-on sessions to refine your technique and improve your confidence in using the Graston Technique® for a broader range of conditions.</li>\n<li><strong>Expand Your Clinical Applications:</strong> Learn to integrate advanced IASTM techniques into your practice for more effective treatment of soft tissue injuries, scar tissue, and fascial restrictions.</li>\n<li><strong>Earn Continuing Education Units (CEUs):</strong> This training is accredited, allowing you to earn additional CEUs to fulfill your professional development requirements.</li>\n</ul>\n<p><strong>How to Register:</strong></p>\n<p>Advance your clinical practice and skills with this comprehensive advanced training session. <strong>Register Now</strong> to secure your spot.</p>\n<p>For more information or any questions, please contact us at <em>info@grastontechnique.com</em>.</p>\n<p><strong>Don’t miss this opportunity to elevate your expertise in the Graston Technique® and provide even better care for your patients!</strong></p>\n",,,taxable,,1,0,695,"Advanced Training > ADV In-Person, Advanced Training",,,https://grastontechnique.com/wp-content/uploads/2024/11/AdvIP_GenPic-02.webp,,,,,,,,,0,,,,,,,,,,,,,,,,,,,,,,,,,,
27398063,simple,,,"Essential Training - Edmonton, AB (Nov 22, 2025)",1,0,visible,,"<strong>Date:</strong> Nov 22, 2025\n\n<strong>Time: </strong>08:00 am - 06:00 pm\n<strong>Location:</strong> Edmonton, AB\n<strong>Instructor:</strong> John Dang\n\n<strong>Earn 12 CEUs</strong>\n\n<strong>Event Overview</strong>\n\nJoin us for the Graston Technique® Essential Training, a comprehensive workshop designed to introduce healthcare professionals to the Graston Technique® (GT) therapy, a leading instrument-assisted soft tissue mobilization (IASTM) technique. This full-day training will provide hands-on learning and education on the foundational principles and practices of GT, enabling participants to enhance their clinical skills and improve patient outcomes.\n\n<strong>What to Expect</strong>\n<ul>\n 	<li><strong>Foundational Training:</strong> Gain in-depth knowledge of the Graston Technique® therapy principles, instrument application, and treatment protocols.</li>\n 	<li><strong>Hands-On Experience:</strong> Practice using the GT instruments in a supervised setting with direct feedback from an expert instructor.</li>\n 	<li><strong>Clinical Applications:</strong> Learn how to integrate GT therapy into your practice to treat a wide variety of musculoskeletal conditions effectively.</li>\n</ul>\n<strong>Why Attend?</strong>\n<ul>\n 	<li>Earn <strong>12 CEUs</strong> upon completion.</li>\n 	<li>Equip yourself with the latest techniques in instrument-assisted soft tissue mobilization.</li>\n 	<li>Network with fellow healthcare professionals and expand your professional connections.</li>\n</ul>\n<strong>Registration Details</strong>\n<ul>\n 	<li>\n<ul>\n 	<li><strong>Fee:</strong> $650</li>\n</ul>\n</li>\n</ul>\n<strong>Includes:</strong> Access to online pre-course material, live group training sessions, GT instruments for use during the event, and a certificate of completion.",,,taxable,,1,0,650,"Essential Training > ESS In-Person, Essential Training",,,https://grastontechnique.com/wp-content/uploads/2024/10/EssIP_genPic.webp,,,,,,,,,0,,,,,,,,,,,,,,,,,,,,,,,,,,
27398155,simple,,,"Essential Training - Indianapolis, IN (Nov 22, 2025)",1,0,visible,,"<strong>Date:</strong> Nov 22, 2025\n\n<strong>Time: </strong>08:00 am - 06:00 pm\n<strong>Location:</strong> Indianapolis, IN\n<strong>Instructor:</strong> Mike Ploski\n\n<strong>Earn 12 CEUs</strong>\n\n<strong>Event Overview</strong>\n\nJoin us for the Graston Technique® Essential Training, a comprehensive workshop designed to introduce healthcare professionals to the Graston Technique® (GT) therapy, a leading instrument-assisted soft tissue mobilization (IASTM) technique. This full-day training will provide hands-on learning and education on the foundational principles and practices of GT, enabling participants to enhance their clinical skills and improve patient outcomes.\n\n<strong>What to Expect</strong>\n<ul>\n 	<li><strong>Foundational Training:</strong> Gain in-depth knowledge of the Graston Technique® therapy principles, instrument application, and treatment protocols.</li>\n 	<li><strong>Hands-On Experience:</strong> Practice using the GT instruments in a supervised setting with direct feedback from an expert instructor.</li>\n 	<li><strong>Clinical Applications:</strong> Learn how to integrate GT therapy into your practice to treat a wide variety of musculoskeletal conditions effectively.</li>\n</ul>\n<strong>Why Attend?</strong>\n<ul>\n 	<li>Earn <strong>12 CEUs</strong> upon completion.</li>\n 	<li>Equip yourself with the latest techniques in instrument-assisted soft tissue mobilization.</li>\n 	<li>Network with fellow healthcare professionals and expand your professional connections.</li>\n</ul>\n<strong>Registration Details</strong>\n<ul>\n 	<li>\n<ul>\n 	<li><strong>Fee:</strong> $650</li>\n</ul>\n</li>\n</ul>\n<strong>Includes:</strong> Access to online pre-course material, live group training sessions, GT instruments for use during the event, and a certificate of completion.",,,taxable,,1,0,650,"Essential Training > ESS In-Person, Essential Training",,,https://grastontechnique.com/wp-content/uploads/2024/10/EssIP_genPic.webp,,,,,,,,,0,,,,,,,,,,,,,,,,,,,,,,,,,,
27398162,simple,,,"Essential Training - Santa Monica, CA (Dec 13, 2025)",1,0,visible,,"<strong>Date:</strong> Dec 13, 2025\n\n<strong>Time: </strong>08:00 am - 06:00 pm\n<strong>Location:</strong> Santa Monica, CA\n<strong>Instructor:</strong> Larry Munger\n\n<strong>Earn 12 CEUs</strong>\n\n<strong>Event Overview</strong>\n\nJoin us for the Graston Technique® Essential Training, a comprehensive workshop designed to introduce healthcare professionals to the Graston Technique® (GT) therapy, a leading instrument-assisted soft tissue mobilization (IASTM) technique. This full-day training will provide hands-on learning and education on the foundational principles and practices of GT, enabling participants to enhance their clinical skills and improve patient outcomes.\n\n<strong>What to Expect</strong>\n<ul>\n 	<li><strong>Foundational Training:</strong> Gain in-depth knowledge of the Graston Technique® therapy principles, instrument application, and treatment protocols.</li>\n 	<li><strong>Hands-On Experience:</strong> Practice using the GT instruments in a supervised setting with direct feedback from an expert instructor.</li>\n 	<li><strong>Clinical Applications:</strong> Learn how to integrate GT therapy into your practice to treat a wide variety of musculoskeletal conditions effectively.</li>\n</ul>\n<strong>Why Attend?</strong>\n<ul>\n 	<li>Earn <strong>12 CEUs</strong> upon completion.</li>\n 	<li>Equip yourself with the latest techniques in instrument-assisted soft tissue mobilization.</li>\n 	<li>Network with fellow healthcare professionals and expand your professional connections.</li>\n</ul>\n<strong>Registration Details</strong>\n<ul>\n 	<li>\n<ul>\n 	<li><strong>Fee:</strong> $650</li>\n</ul>\n</li>\n</ul>\n<strong>Includes:</strong> Access to online pre-course material, live group training sessions, GT instruments for use during the event, and a certificate of completion.",,,taxable,,1,0,650,"Essential Training > ESS In-Person, Essential Training",,,https://grastontechnique.com/wp-content/uploads/2024/10/EssIP_genPic.webp,,,,,,,,,0,,,,,,,,,,,,,,,,,,,,,,,,,,
27398192,simple,,,"Essential Training - Somerset, NJ (Oct 04, 2025)",1,0,visible,,"<strong>Date:</strong> Oct 04, 2025\n\n<strong>Time: </strong>08:00 am - 06:00 pm\n<strong>Location:</strong> Somerset, NJ\n<strong>Instructor:</strong> Kelsey Taylor\n\n<strong>Earn 12 CEUs</strong>\n\n<strong>Event Overview</strong>\n\nJoin us for the Graston Technique® Essential Training, a comprehensive workshop designed to introduce healthcare professionals to the Graston Technique® (GT) therapy, a leading instrument-assisted soft tissue mobilization (IASTM) technique. This full-day training will provide hands-on learning and education on the foundational principles and practices of GT, enabling participants to enhance their clinical skills and improve patient outcomes.\n\n<strong>What to Expect</strong>\n<ul>\n 	<li><strong>Foundational Training:</strong> Gain in-depth knowledge of the Graston Technique® therapy principles, instrument application, and treatment protocols.</li>\n 	<li><strong>Hands-On Experience:</strong> Practice using the GT instruments in a supervised setting with direct feedback from an expert instructor.</li>\n 	<li><strong>Clinical Applications:</strong> Learn how to integrate GT therapy into your practice to treat a wide variety of musculoskeletal conditions effectively.</li>\n</ul>\n<strong>Why Attend?</strong>\n<ul>\n 	<li>Earn <strong>12 CEUs</strong> upon completion.</li>\n 	<li>Equip yourself with the latest techniques in instrument-assisted soft tissue mobilization.</li>\n 	<li>Network with fellow healthcare professionals and expand your professional connections.</li>\n</ul>\n<strong>Registration Details</strong>\n<ul>\n 	<li>\n<ul>\n 	<li><strong>Fee:</strong> $650</li>\n</ul>\n</li>\n</ul>\n<strong>Includes:</strong> Access to online pre-course material, live group training sessions, GT instruments for use during the event, and a certificate of completion.",,,taxable,,1,0,650,"Essential Training > ESS In-Person, Essential Training",,,https://grastontechnique.com/wp-content/uploads/2024/10/EssIP_genPic.webp,,,,,,,,,0,,,,,,,,,,,,,,,,,,,,,,,,,,
27398232,simple,,,"Essential Training - Portland, OR (Nov 08, 2025)",1,0,visible,,"<strong>Date:</strong> Nov 08, 2025\n\n<strong>Time: </strong>08:00 am - 06:00 pm\n<strong>Location:</strong> Portland, OR\n<strong>Instructor:</strong> Michael Dillon\n\n<strong>Earn 12 CEUs</strong>\n\n<strong>Event Overview</strong>\n\nJoin us for the Graston Technique® Essential Training, a comprehensive workshop designed to introduce healthcare professionals to the Graston Technique® (GT) therapy, a leading instrument-assisted soft tissue mobilization (IASTM) technique. This full-day training will provide hands-on learning and education on the foundational principles and practices of GT, enabling participants to enhance their clinical skills and improve patient outcomes.\n\n<strong>What to Expect</strong>\n<ul>\n 	<li><strong>Foundational Training:</strong> Gain in-depth knowledge of the Graston Technique® therapy principles, instrument application, and treatment protocols.</li>\n 	<li><strong>Hands-On Experience:</strong> Practice using the GT instruments in a supervised setting with direct feedback from an expert instructor.</li>\n 	<li><strong>Clinical Applications:</strong> Learn how to integrate GT therapy into your practice to treat a wide variety of musculoskeletal conditions effectively.</li>\n</ul>\n<strong>Why Attend?</strong>\n<ul>\n 	<li>Earn <strong>12 CEUs</strong> upon completion.</li>\n 	<li>Equip yourself with the latest techniques in instrument-assisted soft tissue mobilization.</li>\n 	<li>Network with fellow healthcare professionals and expand your professional connections.</li>\n</ul>\n<strong>Registration Details</strong>\n<ul>\n 	<li>\n<ul>\n 	<li><strong>Fee:</strong> $650</li>\n</ul>\n</li>\n</ul>\n<strong>Includes:</strong> Access to online pre-course material, live group training sessions, GT instruments for use during the event, and a certificate of completion.",,,taxable,,1,0,650,"Essential Training > ESS In-Person, Essential Training",,,https://grastontechnique.com/wp-content/uploads/2024/10/EssIP_genPic.webp,,,,,,,,,0,,,,,,,,,,,,,,,,,,,,,,,,,,
27398267,simple,,,"Essential Training - Bloomington, IN (Dec 11, 2025)",1,0,visible,,"<p><strong>Date:</strong> Dec 11, 2025</p><p><strong>Time:&nbsp;</strong>08:00 am - 06:00 pm<br><strong>Location:</strong> Bloomington, IN<br><strong>Instructor:</strong> Mike Ploski</p><p><strong>Earn 12 CEUs</strong></p><p><strong>Event Overview</strong></p><p>Join us for the Graston Technique® Essential Training, a comprehensive workshop designed to introduce healthcare professionals to the Graston Technique® (GT) therapy, a leading instrument-assisted soft tissue mobilization (IASTM) technique. This full-day training will provide hands-on learning and education on the foundational principles and practices of GT, enabling participants to enhance their clinical skills and improve patient outcomes.</p><p><strong>What to Expect</strong></p><ul><li><strong>Foundational Training:</strong> Gain in-depth knowledge of the Graston Technique® therapy principles, instrument application, and treatment protocols.</li><li><strong>Hands-On Experience:</strong> Practice using the GT instruments in a supervised setting with direct feedback from an expert instructor.</li><li><strong>Clinical Applications:</strong> Learn how to integrate GT therapy into your practice to treat a wide variety of musculoskeletal conditions effectively.</li></ul><p><strong>Why Attend?</strong></p><ul><li>Earn <strong>12 CEUs</strong> upon completion.</li><li>Equip yourself with the latest techniques in instrument-assisted soft tissue mobilization.</li><li>Network with fellow healthcare professionals and expand your professional connections.</li></ul><p><strong>Registration Details</strong></p><ul><li><br><ul><li><strong>Fee:</strong> $650</li></ul></li></ul><p><strong>Includes:</strong> Access to online pre-course material, live group training sessions, GT instruments for use during the event, and a certificate of completion.</p>",,,taxable,,1,0,650,"Essential Training > ESS In-Person, Essential Training",,,https://grastontechnique.com/wp-content/uploads/2024/10/EssIP_genPic.webp,,,,,,,,,0,,,,,,,,,,,,,,,,,,,,,,,,,,
27398568,"simple, virtual",,,"Advanced Virtual Training - (Sep 20, 2025)",1,0,visible,,"<strong>Event Details: </strong>\n<ul>\n 	<li><strong>First Day:</strong> Sept 20, 2025</li>\n 	<li><strong>Time: </strong>11:00 am - 04:00 pm</li>\n 	<li><strong>Second Day: </strong>Sept 21, 2025</li>\n 	<li><strong>Time: </strong>11:00 am - 04:00 pm</li>\n 	<li><strong>Format:</strong> 3-hour self-paced pre-course + live virtual sessions</li>\n 	<li><strong>Platform: </strong>Zoom\n<strong>Instructor:</strong> Mike Ploski</li>\n</ul>\n<ul>\n 	<li><strong>CEUs:</strong> 14 Continuing Education Units</li>\n</ul>\n<strong>Event Overview</strong>\n\nTake your expertise in the Graston Technique® to the next level with our Advanced Training session. This intensive course is designed for practitioners who have already completed the Essential Training and are looking to deepen their understanding and refine their skills in instrument-assisted soft tissue mobilization (IASTM).\n\nThis advanced training will explore more complex clinical applications of the Graston Technique®, providing participants with the knowledge and skills to handle more challenging cases and achieve better patient outcomes.\n\n<strong>Why Attend This Advanced Training?</strong>\n<ul>\n 	<li><strong>Flexible Learning:</strong> Start with a self-paced pre-course and continue with live sessions tailored to your schedule.</li>\n 	<li><strong>Professional Growth:</strong> Expand your clinical skills and earn valuable CEUs.</li>\n 	<li><strong>Expert Guidance:</strong> Learn directly from Michael Racette, a leading authority in the field of soft tissue mobilization.</li>\n</ul>\n<strong>How to Register:</strong>\n\nAdvance your clinical practice and skills with this comprehensive advanced training session. <strong>Register Now</strong> to secure your spot.\n\nFor more information or any questions, please contact us at <em>info@grastontechnique.com</em>.\n\n<strong>Don’t miss this opportunity to elevate your expertise in the Graston Technique® and provide even better care for your patients!</strong>",,,taxable,,1,0,695,"Advanced Training > ADV Virtual, Advanced Training, advanced-online-training",,,https://grastontechnique.com/wp-content/uploads/2024/08/Advanced_Virtual_Training2.webp,,,,,,,,,0,,,,,,,,,,,,,,,,,,,,,,,,,,
27398734,simple,,,"Essential Training - Calgary, AB (Nov 15, 2025)",1,0,visible,,"<p><strong>Date:</strong> Nov 15, 2025</p><p><strong>Time:&nbsp;</strong>08:00 am - 06:00 pm<br><strong>Location:</strong> Calgary, AB<br><strong>Instructor:</strong> John Dang</p><p><strong>Earn 12 CEUs</strong></p><p><strong>Event Overview</strong></p><p>Join us for the Graston Technique® Essential Training, a comprehensive workshop designed to introduce healthcare professionals to the Graston Technique® (GT) therapy, a leading instrument-assisted soft tissue mobilization (IASTM) technique. This full-day training will provide hands-on learning and education on the foundational principles and practices of GT, enabling participants to enhance their clinical skills and improve patient outcomes.</p><p><strong>What to Expect</strong></p><ul><li><strong>Foundational Training:</strong> Gain in-depth knowledge of the Graston Technique® therapy principles, instrument application, and treatment protocols.</li><li><strong>Hands-On Experience:</strong> Practice using the GT instruments in a supervised setting with direct feedback from an expert instructor.</li><li><strong>Clinical Applications:</strong> Learn how to integrate GT therapy into your practice to treat a wide variety of musculoskeletal conditions effectively.</li></ul><p><strong>Why Attend?</strong></p><ul><li>Earn <strong>12 CEUs</strong> upon completion.</li><li>Equip yourself with the latest techniques in instrument-assisted soft tissue mobilization.</li><li>Network with fellow healthcare professionals and expand your professional connections.</li></ul><p><strong>Registration Details</strong></p><ul><li><br><ul><li><strong>Fee:</strong> $650</li></ul></li></ul><p><strong>Includes:</strong> Access to online pre-course material, live group training sessions, GT instruments for use during the event, and a certificate of completion.</p>",,,taxable,,1,0,650,"Essential Training > ESS In-Person, Essential Training",,,https://grastontechnique.com/wp-content/uploads/2024/10/EssIP_genPic.webp,,,,,,,,,0,,,,,,,,,,,,,,,,,,,,,,,,,,
27398821,simple,,,"Essential Virtual Training - (Oct 11, 2025)",1,0,visible,,"<p><strong>Event Details:</strong></p><ul><li><strong>First Day:</strong> Oct 11, 2025</li><li><strong>Time: 11:00 am - 03:30 pm</strong></li><li><strong>Second Day: Oct 12, 2025</strong></li><li><strong>Time: 11:00 am</strong> - 03:30 pm</li><li><strong>Format:</strong> 3-hour self-paced pre-course + live virtual sessions</li><li><strong>Platform:</strong> Zoom</li><li><strong>Instructor:</strong> Greg Kelley</li><li><strong>CEUs:</strong> 12 Continuing Education Units</li></ul><p><strong>Join Our Comprehensive Graston Technique Virtual Training and Earn 12 CEUs!</strong></p><p>Elevate your professional skills with our Essential Virtual Training on Oct 11, 2025. This flexible program begins with a 3-hour self-paced pre-course, allowing you to learn the fundamentals at your convenience. Following the pre-course, join live group sessions hosted on Zoom by renowned instructor Greg Kelley, an expert in the Graston Technique (GT).</p><p><strong>Course Highlights:</strong></p><ul><li><strong>Hands-On Lab Sessions:</strong> Experience practical training covering key body areas, such as the knee, hip, spine, shoulder, and more.</li><li><strong>Expert-Led Instruction:</strong> Gain in-depth knowledge and skills with guidance from Greg Kelley, ensuring mastery in instrument-assisted soft tissue mobilization (IASTM).</li><li><strong>Earn 12 CEUs:</strong> This course qualifies for 12 Continuing Education Units (CEUs), helping you meet your professional development goals while enhancing patient outcomes.</li></ul><p><strong>Why Attend This Training?</strong></p><ul><li><strong>Flexible Learning:</strong> Start with a self-paced pre-course and continue with live sessions tailored to your schedule.</li><li><strong>Professional Growth:</strong> Expand your clinical skills and earn valuable CEUs.</li><li><strong>Expert Guidance:</strong> Learn directly from Greg Kelley, a leading authority in the field of soft tissue mobilization.</li></ul><p><strong>&nbsp;Secure your spot in the Essential Virtual Training and take your practice to the next level.</strong></p><p>This training is perfect for healthcare professionals looking to deepen their expertise in the Graston Technique and enhance patient care. Don’t miss this opportunity to advance your skills and achieve your certification with 12 CEUs!</p>",,,taxable,,1,0,650,"Essential Training > ESS Virtual Training, Essential Training",,,https://grastontechnique.com/wp-content/uploads/2024/08/Essential_Virtual_Training.webp,,,,,,,,,0,,,,,,,,,,,,,,,,,,,,,,,,,,
27398885,simple,,,"Essential Training - Duncan, SC (Sep 13, 2025)",1,0,visible,,"<p><strong>Date:</strong> Sep 13, 2025</p><p><strong>Time:&nbsp;</strong>08:30 am - 05:00 pm<br><strong>Location:</strong> Duncan, SC<br><strong>Instructor:</strong> Ashli Linkhorn</p><p><strong>Earn 12 CEUs</strong></p><p><strong>Event Overview</strong></p><p>Join us for the Graston Technique® Essential Training, a comprehensive workshop designed to introduce healthcare professionals to the Graston Technique® (GT) therapy, a leading instrument-assisted soft tissue mobilization (IASTM) technique. This full-day training will provide hands-on learning and education on the foundational principles and practices of GT, enabling participants to enhance their clinical skills and improve patient outcomes.</p><p><strong>What to Expect</strong></p><ul><li><strong>Foundational Training:</strong> Gain in-depth knowledge of the Graston Technique® therapy principles, instrument application, and treatment protocols.</li><li><strong>Hands-On Experience:</strong> Practice using the GT instruments in a supervised setting with direct feedback from an expert instructor.</li><li><strong>Clinical Applications:</strong> Learn how to integrate GT therapy into your practice to treat a wide variety of musculoskeletal conditions effectively.</li></ul><p><strong>Why Attend?</strong></p><ul><li>Earn <strong>12 CEUs</strong> upon completion.</li><li>Equip yourself with the latest techniques in instrument-assisted soft tissue mobilization.</li><li>Network with fellow healthcare professionals and expand your professional connections.</li></ul><p><strong>Registration Details</strong></p><ul><li><br><ul><li><strong>Fee:</strong> $650</li></ul></li></ul><p><strong>Includes:</strong> Access to online pre-course material, live group training sessions, GT instruments for use during the event, and a certificate of completion.</p>",,,taxable,,1,0,650,"Essential Training > ESS In-Person, Essential Training",,,https://grastontechnique.com/wp-content/uploads/2024/10/EssIP_genPic.webp,,,,,,,,,0,,,,,,,,,,,,,,,,,,,,,,,,,,
27398957,simple,,,"Essential Training - Sabetha, KS (Nov 01, 2025)",1,0,visible,,"<p><strong>Date:</strong> Nov 01, 2025</p><p><strong>Time:&nbsp;</strong>08:00 am - 06:00 pm<br><strong>Location:</strong> Sabetha, KS<br><strong>Instructor:</strong> Mike Ploski</p><p><strong>Earn 12 CEUs</strong></p><p><strong>Event Overview</strong></p><p>Join us for the Graston Technique® Essential Training, a comprehensive workshop designed to introduce healthcare professionals to the Graston Technique® (GT) therapy, a leading instrument-assisted soft tissue mobilization (IASTM) technique. This full-day training will provide hands-on learning and education on the foundational principles and practices of GT, enabling participants to enhance their clinical skills and improve patient outcomes.</p><p><strong>What to Expect</strong></p><ul><li><strong>Foundational Training:</strong> Gain in-depth knowledge of the Graston Technique® therapy principles, instrument application, and treatment protocols.</li><li><strong>Hands-On Experience:</strong> Practice using the GT instruments in a supervised setting with direct feedback from an expert instructor.</li><li><strong>Clinical Applications:</strong> Learn how to integrate GT therapy into your practice to treat a wide variety of musculoskeletal conditions effectively.</li></ul><p><strong>Why Attend?</strong></p><ul><li>Earn <strong>12 CEUs</strong> upon completion.</li><li>Equip yourself with the latest techniques in instrument-assisted soft tissue mobilization.</li><li>Network with fellow healthcare professionals and expand your professional connections.</li></ul><p><strong>Registration Details</strong></p><ul><li><br><ul><li><strong>Fee:</strong> $650</li></ul></li></ul><p><strong>Includes:</strong> Access to online pre-course material, live group training sessions, GT instruments for use during the event, and a certificate of completion.</p>",,,taxable,,1,0,650,"Essential Training > ESS In-Person, Essential Training",,,https://grastontechnique.com/wp-content/uploads/2024/10/EssIP_genPic.webp,,,,,,,,,0,,,,,,,,,,,,,,,,,,,,,,,,,,
